overall_score_ratio,estimated_level,unanswered_ratio,a2_accuracy,b1_accuracy,b2_accuracy,meaning_accuracy,context_accuracy,collocation_accuracy,word_form_accuracy,weakest_type,strongest_type,recommendation_label
0.317,A2,0.1203,0.4681,0.2622,0.1584,0.1102,0.5027,0.343,0.3393,meaning,context,foundation_meaning
0.3031,A2,0.1736,0.4677,0.307,0.1612,0.08,0.3616,0.3292,0.4377,meaning,word-form,foundation_meaning
0.2498,A1,0.1243,0.3367,0.2665,0.0721,0.109,0.411,0.2786,0.2707,meaning,context,foundation_meaning
0.4161,A2,0.0847,0.5012,0.338,0.2457,0.2332,0.4684,0.5343,0.4207,meaning,collocation,foundation_meaning
0.2915,A2,0.1332,0.3581,0.2299,0.1006,0.05,0.4264,0.322,0.2608,meaning,context,foundation_meaning
0.2266,A1,0.1283,0.3126,0.2358,0.1191,0.05,0.2891,0.3629,0.2147,meaning,collocation,foundation_meaning
0.3108,A2,0.1064,0.4306,0.2307,0.1027,0.0992,0.2873,0.2854,0.4375,meaning,word-form,foundation_meaning
0.2031,A1,0.1714,0.315,0.1523,0.04,0.05,0.3362,0.1915,0.2435,meaning,context,foundation_meaning
0.3588,A2,0.1051,0.4659,0.3659,0.2481,0.1971,0.5053,0.3672,0.4046,meaning,context,foundation_meaning
0.2023,A1,0.0786,0.334,0.2079,0.0731,0.0517,0.391,0.2639,0.2609,meaning,context,foundation_meaning
0.1982,A1,0.1449,0.244,0.1341,0.04,0.05,0.2386,0.3612,0.1612,meaning,collocation,foundation_meaning
0.2138,A1,0.1308,0.3415,0.1849,0.0772,0.05,0.2025,0.3903,0.2466,meaning,collocation,foundation_meaning
0.236,A1,0.0347,0.3353,0.2553,0.0804,0.0581,0.2793,0.261,0.4316,meaning,word-form,foundation_meaning
0.2506,A2,0.0445,0.3698,0.251,0.1433,0.05,0.3094,0.2639,0.4182,meaning,word-form,foundation_meaning
0.2748,A2,0.1104,0.4235,0.2808,0.1016,0.0632,0.3571,0.4055,0.336,meaning,collocation,foundation_meaning
0.2504,A2,0.169,0.2743,0.2192,0.0929,0.05,0.3633,0.2816,0.2336,meaning,context,foundation_meaning
0.409,A2,0.1345,0.5067,0.4103,0.2861,0.2379,0.5178,0.4741,0.4779,meaning,context,foundation_meaning
0.3656,A2,0.1679,0.4406,0.3159,0.1796,0.2175,0.4032,0.3735,0.5434,meaning,word-form,foundation_meaning
0.3174,A2,0.1229,0.3907,0.3177,0.1433,0.0877,0.4475,0.3173,0.3582,meaning,context,foundation_meaning
0.308,A2,0.1704,0.3605,0.2619,0.1331,0.0997,0.299,0.2935,0.4186,meaning,word-form,foundation_meaning
0.1743,A1,0.1551,0.3207,0.1705,0.04,0.05,0.2522,0.1599,0.3573,meaning,word-form,foundation_meaning
0.3938,A2,0.1414,0.4373,0.3648,0.1934,0.1504,0.4277,0.3999,0.5515,meaning,word-form,foundation_meaning
0.2225,A1,0.0715,0.3641,0.2081,0.04,0.05,0.2653,0.3626,0.2569,meaning,collocation,foundation_meaning
0.1855,A1,0.1552,0.2385,0.1693,0.0614,0.05,0.2818,0.2251,0.2062,meaning,context,foundation_meaning
0.3224,A2,0.114,0.4289,0.3113,0.1998,0.0664,0.4463,0.3496,0.4064,meaning,context,foundation_meaning
0.4294,A2,0.0918,0.5161,0.3429,0.3074,0.1689,0.4875,0.4186,0.5391,meaning,word-form,foundation_meaning
0.3461,A2,0.1493,0.4398,0.3492,0.2036,0.1029,0.3643,0.4163,0.5363,meaning,word-form,foundation_meaning
0.2264,A1,0.0341,0.3447,0.2117,0.1181,0.05,0.3718,0.2416,0.2207,meaning,context,foundation_meaning
0.4118,A2,0.1165,0.5069,0.3862,0.2667,0.2134,0.4918,0.5839,0.4064,meaning,collocation,foundation_meaning
0.2744,A2,0.1235,0.321,0.1945,0.1362,0.05,0.2733,0.302,0.4103,meaning,word-form,foundation_meaning
0.3646,A2,0.1654,0.4285,0.3078,0.2498,0.1575,0.4894,0.3667,0.3766,meaning,context,foundation_meaning
0.3417,A2,0.1491,0.4346,0.2965,0.2099,0.0981,0.4057,0.5009,0.3434,meaning,collocation,foundation_meaning
0.4239,A2,0.0337,0.5739,0.416,0.2612,0.2485,0.4272,0.4703,0.6142,meaning,word-form,foundation_meaning
0.2533,A2,0.1639,0.337,0.1885,0.0533,0.05,0.2954,0.406,0.3072,meaning,collocation,foundation_meaning
0.4112,A2,0.1097,0.5627,0.3331,0.2243,0.2052,0.5655,0.4713,0.4605,meaning,context,foundation_meaning
0.341,A2,0.0689,0.4413,0.3262,0.2009,0.1159,0.3956,0.5029,0.3784,meaning,collocation,foundation_meaning
0.2201,A1,0.0526,0.3227,0.1828,0.1285,0.05,0.297,0.2677,0.4063,meaning,word-form,foundation_meaning
0.2931,A2,0.1585,0.3793,0.2777,0.1357,0.0774,0.4038,0.298,0.3115,meaning,context,foundation_meaning
0.4168,A2,0.1032,0.4982,0.3678,0.2644,0.1274,0.4586,0.5612,0.4034,meaning,collocation,foundation_meaning
0.2341,A1,0.1147,0.3192,0.2186,0.0491,0.0766,0.26,0.3938,0.2669,meaning,collocation,foundation_meaning
0.2165,A1,0.0932,0.2713,0.1756,0.04,0.05,0.2443,0.1758,0.324,meaning,word-form,foundation_meaning
0.3958,A2,0.0331,0.529,0.3892,0.2987,0.1758,0.4377,0.5763,0.4188,meaning,collocation,foundation_meaning
0.2457,A1,0.0546,0.3333,0.219,0.0845,0.05,0.3522,0.2874,0.2392,meaning,context,foundation_meaning
0.2355,A1,0.1459,0.3247,0.2362,0.1198,0.0595,0.2683,0.3048,0.4243,meaning,word-form,foundation_meaning
0.3996,A2,0.1035,0.475,0.3828,0.2093,0.1942,0.4677,0.4447,0.571,meaning,word-form,foundation_meaning
0.2958,A2,0.0953,0.3784,0.2822,0.1452,0.0533,0.3543,0.4786,0.3149,meaning,collocation,foundation_meaning
0.3745,A2,0.0788,0.4917,0.3515,0.2083,0.1706,0.3792,0.5447,0.3826,meaning,collocation,foundation_meaning
0.3091,A2,0.1437,0.4613,0.2251,0.1785,0.1234,0.3205,0.4173,0.3566,meaning,collocation,foundation_meaning
0.3509,A2,0.1795,0.4898,0.3103,0.2187,0.1648,0.3882,0.3451,0.4928,meaning,word-form,foundation_meaning
0.3035,A2,0.1026,0.4377,0.3103,0.1426,0.151,0.3312,0.4437,0.3162,meaning,collocation,foundation_meaning
0.3472,A2,0.0738,0.5037,0.2955,0.1774,0.1796,0.4509,0.4361,0.5071,meaning,word-form,foundation_meaning
0.4335,A2,0.1533,0.5128,0.3495,0.3285,0.228,0.4634,0.5016,0.5796,meaning,word-form,foundation_meaning
0.2811,A2,0.1228,0.367,0.248,0.1238,0.05,0.399,0.2774,0.3433,meaning,context,foundation_meaning
0.386,A2,0.0617,0.5082,0.3712,0.282,0.2005,0.4115,0.5469,0.4662,meaning,collocation,foundation_meaning
0.3619,A2,0.0407,0.4182,0.2937,0.1832,0.1222,0.5025,0.3506,0.3758,meaning,context,foundation_meaning
0.2276,A1,0.0549,0.3601,0.2362,0.118,0.05,0.2779,0.3889,0.3087,meaning,collocation,foundation_meaning
0.2647,A2,0.1634,0.3434,0.2201,0.0999,0.0696,0.3283,0.28,0.3983,meaning,word-form,foundation_meaning
0.3568,A2,0.1434,0.5356,0.3529,0.2026,0.1566,0.3648,0.4519,0.5617,meaning,word-form,foundation_meaning
0.2781,A2,0.0541,0.4087,0.2526,0.1338,0.054,0.3096,0.3814,0.4893,meaning,word-form,foundation_meaning
0.2928,A2,0.1782,0.3776,0.2923,0.1257,0.0807,0.3598,0.4204,0.3203,meaning,collocation,foundation_meaning
0.3269,A2,0.1621,0.4193,0.2909,0.1672,0.1443,0.3396,0.386,0.4995,meaning,word-form,foundation_meaning
0.3049,A2,0.0476,0.375,0.3149,0.197,0.0896,0.4599,0.3096,0.3016,meaning,context,foundation_meaning
0.3998,A2,0.1419,0.5087,0.3275,0.2221,0.1951,0.4122,0.5508,0.4245,meaning,collocation,foundation_meaning
0.2449,A1,0.1034,0.2965,0.1481,0.0669,0.05,0.3839,0.2297,0.2816,meaning,context,foundation_meaning
0.2425,A1,0.0916,0.3697,0.1455,0.0499,0.05,0.2249,0.2679,0.3912,meaning,word-form,foundation_meaning
0.2677,A2,0.1605,0.3686,0.1728,0.1093,0.05,0.3202,0.4476,0.3055,meaning,collocation,foundation_meaning
0.419,A2,0.0896,0.4823,0.4029,0.2413,0.1603,0.4858,0.6024,0.4092,meaning,collocation,foundation_meaning
0.209,A1,0.1681,0.3397,0.1061,0.04,0.05,0.2584,0.3632,0.2042,meaning,collocation,foundation_meaning
0.4223,A2,0.0838,0.5392,0.3622,0.2817,0.2872,0.5271,0.5053,0.5726,meaning,word-form,foundation_meaning
0.2797,A2,0.0992,0.4126,0.2247,0.1819,0.1311,0.4703,0.3498,0.2876,meaning,context,foundation_meaning
0.2784,A2,0.1335,0.3956,0.2499,0.071,0.05,0.311,0.357,0.2499,meaning,collocation,foundation_meaning
0.3137,A2,0.0712,0.4572,0.2374,0.1957,0.0793,0.3164,0.4539,0.3016,meaning,collocation,foundation_meaning
0.3229,A2,0.0585,0.466,0.2615,0.2087,0.0785,0.4058,0.3995,0.5107,meaning,word-form,foundation_meaning
0.2128,A1,0.1664,0.379,0.1535,0.0767,0.05,0.2883,0.2339,0.3533,meaning,word-form,foundation_meaning
0.2696,A2,0.151,0.4045,0.1972,0.144,0.05,0.2547,0.4446,0.3386,meaning,collocation,foundation_meaning
0.394,A2,0.0435,0.5065,0.3288,0.2636,0.202,0.4059,0.5431,0.4345,meaning,collocation,foundation_meaning
0.253,A2,0.1626,0.4345,0.2013,0.1039,0.0603,0.306,0.4563,0.3277,meaning,collocation,foundation_meaning
0.3271,A2,0.0446,0.4012,0.3318,0.1576,0.1409,0.3135,0.3896,0.4699,meaning,word-form,foundation_meaning
0.4536,B1,0.1223,0.5511,0.417,0.2839,0.2036,0.5754,0.4934,0.4681,meaning,context,foundation_meaning
0.4299,A2,0.0897,0.5615,0.3974,0.3307,0.1803,0.45,0.5509,0.508,meaning,collocation,foundation_meaning
0.2405,A1,0.0608,0.2882,0.1665,0.122,0.05,0.4108,0.2123,0.2244,meaning,context,foundation_meaning
0.3827,A2,0.0676,0.4626,0.3982,0.2168,0.2346,0.4039,0.4693,0.5844,meaning,word-form,foundation_meaning
0.1851,A1,0.0395,0.3054,0.1415,0.061,0.05,0.212,0.2347,0.3301,meaning,word-form,foundation_meaning
0.3352,A2,0.0391,0.4422,0.2577,0.1413,0.1403,0.2864,0.4682,0.3701,meaning,collocation,foundation_meaning
0.2951,A2,0.1368,0.3789,0.2267,0.1665,0.05,0.2949,0.4399,0.3285,meaning,collocation,foundation_meaning
0.2692,A2,0.0977,0.4017,0.2635,0.1487,0.05,0.302,0.3172,0.4549,meaning,word-form,foundation_meaning
0.2155,A1,0.0428,0.3893,0.2127,0.0814,0.05,0.2539,0.3644,0.2452,meaning,collocation,foundation_meaning
0.3044,A2,0.1602,0.3631,0.2363,0.1575,0.0735,0.3521,0.3266,0.4273,meaning,word-form,foundation_meaning
0.3797,A2,0.1161,0.4427,0.3664,0.2087,0.1431,0.3871,0.4998,0.3732,meaning,collocation,foundation_meaning
0.418,A2,0.0763,0.539,0.3328,0.2141,0.2429,0.4579,0.4374,0.5803,meaning,word-form,foundation_meaning
0.3634,A2,0.0389,0.4147,0.3586,0.2232,0.5433,0.1763,0.4113,0.3525,context,meaning,context_clues_boost
0.3649,A2,0.073,0.4634,0.3232,0.2422,0.4136,0.2134,0.5054,0.3412,context,collocation,context_clues_boost
0.3114,A2,0.0562,0.3874,0.3224,0.2228,0.3343,0.1739,0.3512,0.4962,context,word-form,context_clues_boost
0.3317,A2,0.0625,0.4151,0.2848,0.1977,0.4322,0.1574,0.3138,0.3516,context,meaning,context_clues_boost
0.36,A2,0.059,0.496,0.3668,0.2165,0.3692,0.2089,0.4571,0.5309,context,word-form,context_clues_boost
0.5432,B1,0.0466,0.6025,0.4703,0.4295,0.5485,0.384,0.5386,0.6573,context,word-form,context_clues_boost
0.5107,B1,0.0437,0.6368,0.5364,0.3585,0.6731,0.357,0.5459,0.5855,context,meaning,context_clues_boost
0.4964,B1,0.0588,0.5629,0.483,0.3391,0.4424,0.2797,0.4976,0.6012,context,word-form,context_clues_boost
0.5519,B1,0.1198,0.6709,0.5512,0.4453,0.5752,0.4282,0.6846,0.5904,context,collocation,context_clues_boost
0.2777,A2,0.0771,0.3611,0.2971,0.1613,0.4478,0.0827,0.3024,0.3115,context,meaning,context_clues_boost
0.3229,A2,0.0932,0.3452,0.3121,0.2204,0.453,0.1645,0.365,0.3795,context,meaning,context_clues_boost
0.3566,A2,0.1222,0.4467,0.3695,0.2324,0.3925,0.1933,0.5005,0.359,context,collocation,context_clues_boost
0.62,B1,0.0571,0.6877,0.5571,0.4574,0.6452,0.4199,0.6162,0.7553,context,word-form,context_clues_boost
0.3795,A2,0.0416,0.4827,0.3604,0.2343,0.4394,0.1932,0.5202,0.4319,context,collocation,context_clues_boost
0.3367,A2,0.1252,0.4168,0.3367,0.1955,0.322,0.1298,0.4634,0.3324,context,collocation,context_clues_boost
0.449,A2,0.0733,0.5439,0.4412,0.3478,0.4778,0.2654,0.5233,0.5734,context,word-form,context_clues_boost
0.3506,A2,0.1123,0.4063,0.3547,0.2239,0.4053,0.1541,0.3508,0.5192,context,word-form,context_clues_boost
0.5076,B1,0.1215,0.6187,0.542,0.39,0.5473,0.3735,0.5763,0.6346,context,word-form,context_clues_boost
0.5762,B1,0.0698,0.6704,0.5611,0.4479,0.5278,0.3429,0.6467,0.5707,context,collocation,context_clues_boost
0.3731,A2,0.1196,0.4898,0.4039,0.2186,0.3884,0.1803,0.5519,0.3676,context,collocation,context_clues_boost
0.4969,B1,0.1131,0.5416,0.5207,0.3676,0.6039,0.3551,0.5282,0.5573,context,meaning,context_clues_boost
0.3255,A2,0.0372,0.4305,0.2724,0.2023,0.5032,0.1919,0.3902,0.3565,context,meaning,context_clues_boost
0.4071,A2,0.0224,0.5313,0.3903,0.2946,0.4112,0.2241,0.3947,0.5248,context,word-form,context_clues_boost
0.566,B1,0.0599,0.6602,0.5498,0.4441,0.6745,0.3539,0.5523,0.5286,context,meaning,context_clues_boost
0.2915,A2,0.0244,0.3233,0.2186,0.1567,0.2789,0.0566,0.3281,0.4034,context,word-form,context_clues_boost
0.3366,A2,0.0257,0.3622,0.3232,0.1672,0.4564,0.1233,0.3295,0.3384,context,meaning,context_clues_boost
0.5061,B1,0.0823,0.6103,0.4626,0.3427,0.4654,0.2714,0.6039,0.5273,context,collocation,context_clues_boost
0.5398,B1,0.04,0.5952,0.492,0.387,0.5448,0.3689,0.6019,0.6306,context,word-form,context_clues_boost
0.4065,A2,0.1161,0.5357,0.3484,0.2847,0.3852,0.249,0.5793,0.4807,context,collocation,context_clues_boost
0.4954,B1,0.1015,0.5576,0.4593,0.3577,0.6433,0.3456,0.5391,0.4645,context,meaning,context_clues_boost
0.5752,B1,0.1296,0.7087,0.5152,0.4112,0.597,0.4174,0.6949,0.5893,context,collocation,context_clues_boost
0.2954,A2,0.1397,0.3436,0.2374,0.1273,0.3404,0.0801,0.4061,0.3394,context,collocation,context_clues_boost
0.5238,B1,0.0469,0.6365,0.5356,0.363,0.5724,0.3716,0.6382,0.5346,context,collocation,context_clues_boost
0.584,B1,0.106,0.6379,0.6134,0.4115,0.7636,0.4176,0.601,0.6222,context,meaning,context_clues_boost
0.4459,A2,0.0968,0.5208,0.3872,0.3205,0.4697,0.2314,0.5487,0.49,context,collocation,context_clues_boost
0.3372,A2,0.1274,0.3841,0.3228,0.1665,0.425,0.1696,0.2974,0.3043,context,meaning,context_clues_boost
0.5234,B1,0.0949,0.6417,0.5368,0.4157,0.5372,0.3585,0.6451,0.5801,context,collocation,context_clues_boost
0.567,B1,0.0967,0.6544,0.5618,0.4534,0.6209,0.423,0.708,0.5395,context,collocation,context_clues_boost
0.4151,A2,0.0757,0.5047,0.4282,0.2551,0.4539,0.2247,0.4295,0.5518,context,word-form,context_clues_boost
0.3672,A2,0.0521,0.4427,0.3618,0.2176,0.4761,0.1576,0.4191,0.4317,context,meaning,context_clues_boost
0.3353,A2,0.0391,0.4556,0.3677,0.2264,0.5065,0.1273,0.4007,0.3561,context,meaning,context_clues_boost
0.5922,B1,0.1259,0.6501,0.5639,0.4137,0.6185,0.4182,0.766,0.6632,context,collocation,context_clues_boost
0.4678,B1,0.0635,0.5528,0.417,0.2976,0.481,0.3213,0.6017,0.4658,context,collocation,context_clues_boost
0.3532,A2,0.1327,0.4856,0.3275,0.2476,0.3786,0.1637,0.4576,0.427,context,collocation,context_clues_boost
0.4856,B1,0.1318,0.5986,0.4616,0.416,0.671,0.3196,0.4907,0.4906,context,meaning,context_clues_boost
0.3617,A2,0.1009,0.4692,0.3283,0.2599,0.4374,0.162,0.5009,0.3719,context,collocation,context_clues_boost
0.5809,B1,0.0262,0.6887,0.6204,0.461,0.5939,0.4054,0.6504,0.7044,context,word-form,context_clues_boost
0.404,A2,0.0382,0.5482,0.3643,0.2352,0.4563,0.2289,0.4775,0.5159,context,word-form,context_clues_boost
0.4996,B1,0.0652,0.5766,0.4809,0.4046,0.515,0.2966,0.6412,0.5496,context,collocation,context_clues_boost
0.5721,B1,0.087,0.6846,0.5763,0.4145,0.6465,0.3876,0.7267,0.6325,context,collocation,context_clues_boost
0.3454,A2,0.0852,0.4599,0.3386,0.1752,0.3836,0.1581,0.4713,0.3554,context,collocation,context_clues_boost
0.5589,B1,0.0442,0.6292,0.5388,0.4002,0.6164,0.4015,0.7117,0.5636,context,collocation,context_clues_boost
0.4372,A2,0.1061,0.5262,0.4369,0.2584,0.4827,0.2837,0.4747,0.5867,context,word-form,context_clues_boost
0.2844,A2,0.0975,0.3719,0.2441,0.2006,0.4545,0.0794,0.3571,0.3049,context,meaning,context_clues_boost
0.5563,B1,0.1203,0.6405,0.5825,0.4721,0.7324,0.4257,0.6126,0.6237,context,meaning,context_clues_boost
0.5632,B1,0.0852,0.5686,0.5562,0.3664,0.6633,0.3872,0.5905,0.5856,context,meaning,context_clues_boost
0.435,A2,0.0881,0.4837,0.3766,0.3116,0.5546,0.2749,0.4172,0.4092,context,meaning,context_clues_boost
0.5403,B1,0.0208,0.557,0.5456,0.3752,0.6395,0.3512,0.528,0.5302,context,meaning,context_clues_boost
0.3771,A2,0.0686,0.4897,0.3266,0.2122,0.4358,0.2495,0.5327,0.4327,context,collocation,context_clues_boost
0.4639,B1,0.0648,0.5566,0.4087,0.2864,0.4778,0.2615,0.4647,0.5385,context,word-form,context_clues_boost
0.4949,B1,0.1301,0.6074,0.4812,0.3615,0.5444,0.3042,0.6363,0.5448,context,collocation,context_clues_boost
0.3242,A2,0.0735,0.3962,0.2998,0.157,0.3584,0.0898,0.3218,0.4235,context,word-form,context_clues_boost
0.2811,A2,0.0254,0.3485,0.2906,0.1635,0.4268,0.0744,0.2547,0.2952,context,meaning,context_clues_boost
0.3879,A2,0.1357,0.4251,0.3207,0.2513,0.4901,0.1994,0.4366,0.4458,context,meaning,context_clues_boost
0.405,A2,0.0672,0.4306,0.4033,0.2092,0.4022,0.1702,0.5473,0.3653,context,collocation,context_clues_boost
0.2765,A2,0.0426,0.3712,0.2563,0.1594,0.4272,0.1058,0.3711,0.3196,context,meaning,context_clues_boost
0.5607,B1,0.1247,0.5943,0.547,0.4122,0.6668,0.3464,0.5891,0.6212,context,meaning,context_clues_boost
0.3367,A2,0.0918,0.4021,0.3548,0.2264,0.4735,0.1987,0.3349,0.3996,context,meaning,context_clues_boost
0.4674,B1,0.1015,0.5743,0.4778,0.3722,0.4824,0.3156,0.6007,0.5108,context,collocation,context_clues_boost
0.4464,A2,0.1219,0.4939,0.4166,0.3344,0.5723,0.2835,0.4861,0.4976,context,meaning,context_clues_boost
0.3222,A2,0.074,0.4311,0.3177,0.2053,0.3467,0.1889,0.338,0.4946,context,word-form,context_clues_boost
0.3903,A2,0.0775,0.435,0.3923,0.2686,0.4286,0.1979,0.383,0.5461,context,word-form,context_clues_boost
0.5702,B1,0.0676,0.6611,0.5771,0.4352,0.5559,0.3563,0.7054,0.5446,context,collocation,context_clues_boost
0.3401,A2,0.1208,0.4211,0.2812,0.2495,0.3889,0.1804,0.4724,0.3473,context,collocation,context_clues_boost
0.5547,B1,0.0476,0.6593,0.5729,0.4104,0.5722,0.4296,0.7051,0.615,context,collocation,context_clues_boost
0.4666,B1,0.0403,0.5479,0.4328,0.2806,0.621,0.248,0.4922,0.4495,context,meaning,context_clues_boost
0.4693,B1,0.0365,0.5423,0.5167,0.3198,0.4933,0.323,0.662,0.5706,context,collocation,context_clues_boost
0.4421,A2,0.0862,0.5661,0.4528,0.3332,0.6178,0.285,0.495,0.4818,context,meaning,context_clues_boost
0.2667,A2,0.0489,0.388,0.212,0.1658,0.3062,0.0682,0.2627,0.3885,context,word-form,context_clues_boost
0.4956,B1,0.0984,0.5997,0.4233,0.3491,0.5222,0.2982,0.6059,0.478,context,collocation,context_clues_boost
0.5529,B1,0.123,0.6318,0.5252,0.4402,0.6555,0.411,0.5771,0.5274,context,meaning,context_clues_boost
0.3011,A2,0.099,0.4148,0.2909,0.1305,0.3543,0.1071,0.3526,0.4041,context,word-form,context_clues_boost
0.3375,A2,0.1012,0.3809,0.3074,0.1877,0.2925,0.1153,0.4853,0.373,context,collocation,context_clues_boost
0.4364,A2,0.1123,0.4792,0.4175,0.3377,0.4894,0.2637,0.6117,0.4862,context,collocation,context_clues_boost
0.5872,B1,0.0656,0.67,0.5522,0.4132,0.6515,0.4086,0.6929,0.633,context,collocation,context_clues_boost
0.4851,B1,0.057,0.6265,0.4842,0.3432,0.5723,0.3256,0.6632,0.508,context,collocation,context_clues_boost
0.3879,A2,0.1236,0.4213,0.3678,0.2521,0.3626,0.2014,0.4806,0.4081,context,collocation,context_clues_boost
0.2403,A1,0.0792,0.3112,0.2323,0.0881,0.273,0.05,0.4,0.3247,context,collocation,context_clues_boost
0.2529,A2,0.0208,0.3611,0.2732,0.1373,0.2791,0.066,0.4292,0.2876,context,collocation,context_clues_boost
0.4005,A2,0.0775,0.484,0.3546,0.2649,0.4025,0.1887,0.4086,0.5366,context,word-form,context_clues_boost
0.3591,A2,0.072,0.428,0.412,0.2497,0.4473,0.4874,0.1986,0.3995,collocation,context,collocation_pattern_builder
0.5381,B1,0.0975,0.6111,0.5545,0.3583,0.5093,0.5681,0.3065,0.626,collocation,word-form,collocation_pattern_builder
0.5475,B1,0.1112,0.6579,0.5467,0.4189,0.644,0.543,0.3478,0.5903,collocation,meaning,collocation_pattern_builder
0.5308,B1,0.0774,0.5761,0.53,0.4517,0.5289,0.622,0.3717,0.7092,collocation,word-form,collocation_pattern_builder
0.5114,B1,0.0733,0.5474,0.5126,0.3934,0.5492,0.5215,0.3428,0.6022,collocation,word-form,collocation_pattern_builder
0.4814,B1,0.0903,0.5111,0.5136,0.3102,0.4879,0.5954,0.2518,0.4566,collocation,context,collocation_pattern_builder
0.4148,A2,0.1034,0.4803,0.4185,0.3495,0.454,0.5772,0.269,0.456,collocation,context,collocation_pattern_builder
0.554,B1,0.0305,0.5929,0.5365,0.4501,0.5903,0.6033,0.3606,0.6535,collocation,word-form,collocation_pattern_builder
0.5182,B1,0.0212,0.5741,0.5687,0.4544,0.5164,0.6828,0.3785,0.5727,collocation,context,collocation_pattern_builder
0.5897,B1,0.0487,0.6578,0.6053,0.4857,0.7741,0.6062,0.4424,0.6535,collocation,meaning,collocation_pattern_builder
0.4802,B1,0.0662,0.4975,0.4562,0.324,0.575,0.5163,0.338,0.5071,collocation,meaning,collocation_pattern_builder
0.432,A2,0.1026,0.4895,0.4289,0.3211,0.6173,0.4745,0.2495,0.4859,collocation,meaning,collocation_pattern_builder
0.5309,B1,0.0284,0.5815,0.5298,0.4316,0.5958,0.6663,0.3501,0.539,collocation,context,collocation_pattern_builder
0.4846,B1,0.0953,0.5988,0.5172,0.3536,0.6542,0.5097,0.3411,0.4991,collocation,meaning,collocation_pattern_builder
0.6246,B1,0.0135,0.6835,0.6153,0.4547,0.6241,0.7197,0.4502,0.6141,collocation,context,collocation_pattern_builder
0.3907,A2,0.0253,0.4544,0.4304,0.3026,0.5405,0.4788,0.2064,0.4031,collocation,meaning,collocation_pattern_builder
0.4005,A2,0.109,0.4295,0.3975,0.3155,0.5488,0.4173,0.2451,0.4199,collocation,meaning,collocation_pattern_builder
0.6212,B1,0.0938,0.6938,0.5721,0.4983,0.696,0.6457,0.3891,0.6664,collocation,meaning,collocation_pattern_builder
0.5663,B1,0.1065,0.6368,0.5402,0.4549,0.5341,0.6955,0.4131,0.5574,collocation,context,collocation_pattern_builder
0.4698,B1,0.034,0.551,0.4604,0.3109,0.4773,0.5967,0.2788,0.5179,collocation,context,collocation_pattern_builder
0.4522,B1,0.0789,0.5549,0.5055,0.3723,0.6157,0.4684,0.3243,0.4908,collocation,meaning,collocation_pattern_builder
0.5765,B1,0.1126,0.6833,0.5677,0.4995,0.7086,0.6602,0.3883,0.5745,collocation,meaning,collocation_pattern_builder
0.3918,A2,0.0205,0.4958,0.4387,0.2861,0.4192,0.3914,0.2785,0.547,collocation,word-form,collocation_pattern_builder
0.3605,A2,0.0521,0.5014,0.3848,0.2358,0.5398,0.3852,0.2,0.3635,collocation,meaning,collocation_pattern_builder
0.5679,B1,0.0771,0.6426,0.5862,0.4053,0.7197,0.5752,0.3653,0.5767,collocation,meaning,collocation_pattern_builder
0.3759,A2,0.0522,0.3945,0.3358,0.281,0.418,0.526,0.184,0.387,collocation,context,collocation_pattern_builder
0.6656,B1,0.1063,0.686,0.6916,0.4802,0.6966,0.788,0.4634,0.6423,collocation,context,collocation_pattern_builder
0.3921,A2,0.0681,0.4493,0.3511,0.2698,0.4108,0.4346,0.179,0.5467,collocation,word-form,collocation_pattern_builder
0.6398,B1,0.0174,0.7387,0.6979,0.5595,0.7158,0.7902,0.4895,0.6793,collocation,context,collocation_pattern_builder
0.4121,A2,0.0268,0.4615,0.3994,0.3032,0.5528,0.474,0.215,0.4078,collocation,meaning,collocation_pattern_builder
0.3599,A2,0.0903,0.4419,0.3665,0.185,0.4828,0.3387,0.1833,0.3721,collocation,meaning,collocation_pattern_builder
0.5867,B1,0.0112,0.6836,0.5754,0.4391,0.7444,0.6703,0.4728,0.639,collocation,meaning,collocation_pattern_builder
0.4663,B1,0.0988,0.5257,0.5274,0.3959,0.5111,0.6335,0.3474,0.4755,collocation,context,collocation_pattern_builder
0.4258,A2,0.1084,0.5084,0.3792,0.2582,0.5064,0.48,0.2365,0.4321,collocation,meaning,collocation_pattern_builder
0.5743,B1,0.0708,0.5975,0.5142,0.4723,0.6722,0.5701,0.3972,0.6055,collocation,meaning,collocation_pattern_builder
0.6038,B1,0.0346,0.6979,0.5927,0.5281,0.6663,0.6232,0.4719,0.7786,collocation,word-form,collocation_pattern_builder
0.4812,B1,0.0434,0.5607,0.4462,0.3454,0.6083,0.4723,0.2893,0.4936,collocation,meaning,collocation_pattern_builder
0.5063,B1,0.0696,0.6213,0.4968,0.455,0.5386,0.66,0.3358,0.5793,collocation,context,collocation_pattern_builder
0.5335,B1,0.0166,0.5566,0.5392,0.39,0.5939,0.6013,0.3298,0.6771,collocation,word-form,collocation_pattern_builder
0.659,B1,0.0801,0.7148,0.6838,0.547,0.6569,0.6334,0.4918,0.8117,collocation,word-form,collocation_pattern_builder
0.4513,B1,0.0399,0.5442,0.4742,0.3576,0.4809,0.4676,0.3006,0.5661,collocation,word-form,collocation_pattern_builder
0.3371,A2,0.061,0.3675,0.3312,0.2524,0.4574,0.3924,0.1749,0.326,collocation,meaning,collocation_pattern_builder
0.5997,B1,0.0665,0.6526,0.569,0.4647,0.7584,0.6484,0.4762,0.6495,collocation,meaning,collocation_pattern_builder
0.5265,B1,0.0168,0.5697,0.5104,0.4596,0.6023,0.6788,0.3702,0.6057,collocation,context,collocation_pattern_builder
0.5572,B1,0.1093,0.6214,0.6168,0.4177,0.7163,0.6379,0.3975,0.6186,collocation,meaning,collocation_pattern_builder
0.47,B1,0.0521,0.5732,0.4641,0.3732,0.5643,0.5255,0.256,0.453,collocation,meaning,collocation_pattern_builder
0.4662,B1,0.0167,0.4996,0.4446,0.3363,0.4565,0.5984,0.3319,0.5234,collocation,context,collocation_pattern_builder
0.4044,A2,0.096,0.4271,0.4034,0.3165,0.5432,0.4494,0.1957,0.41,collocation,meaning,collocation_pattern_builder
0.4451,A2,0.0944,0.5248,0.3928,0.3661,0.4572,0.4458,0.2873,0.5897,collocation,word-form,collocation_pattern_builder
0.68,B2,0.049,0.7695,0.6318,0.5745,0.7538,0.6956,0.4473,0.7115,collocation,meaning,collocation_pattern_builder
0.6128,B1,0.0307,0.6854,0.6501,0.4917,0.6973,0.6346,0.3931,0.6451,collocation,meaning,collocation_pattern_builder
0.6657,B1,0.0475,0.7137,0.6391,0.5473,0.6801,0.7473,0.4718,0.6315,collocation,context,collocation_pattern_builder
0.3817,A2,0.0745,0.4268,0.3376,0.2808,0.3563,0.5072,0.2404,0.3645,collocation,context,collocation_pattern_builder
0.4599,B1,0.0966,0.4619,0.4813,0.3338,0.4181,0.5699,0.218,0.4836,collocation,context,collocation_pattern_builder
0.4194,A2,0.0724,0.4761,0.4032,0.311,0.4473,0.4037,0.2499,0.486,collocation,word-form,collocation_pattern_builder
0.365,A2,0.1074,0.4664,0.3557,0.3101,0.444,0.4818,0.1676,0.4085,collocation,context,collocation_pattern_builder
0.3328,A2,0.0582,0.3952,0.3789,0.2522,0.3872,0.3931,0.2013,0.4887,collocation,word-form,collocation_pattern_builder
0.4526,B1,0.0181,0.5591,0.4778,0.3614,0.5862,0.482,0.3236,0.4873,collocation,meaning,collocation_pattern_builder
0.5923,B1,0.1184,0.6251,0.6517,0.5354,0.5796,0.7088,0.3976,0.6117,collocation,context,collocation_pattern_builder
0.6317,B1,0.0903,0.6543,0.5927,0.5234,0.5968,0.6879,0.4796,0.7208,collocation,word-form,collocation_pattern_builder
0.4066,A2,0.0628,0.4206,0.369,0.3226,0.4099,0.504,0.236,0.4352,collocation,context,collocation_pattern_builder
0.3539,A2,0.0303,0.4119,0.3691,0.1921,0.4708,0.3522,0.1952,0.4074,collocation,meaning,collocation_pattern_builder
0.6174,B1,0.0989,0.6462,0.6407,0.4607,0.6097,0.7506,0.4157,0.6174,collocation,context,collocation_pattern_builder
0.4422,A2,0.0534,0.5644,0.468,0.3143,0.4535,0.4369,0.2438,0.5989,collocation,word-form,collocation_pattern_builder
0.6441,B1,0.0989,0.6961,0.5776,0.5388,0.7088,0.6704,0.4245,0.6481,collocation,meaning,collocation_pattern_builder
0.3436,A2,0.0712,0.4049,0.3856,0.2736,0.3407,0.4946,0.2196,0.4152,collocation,context,collocation_pattern_builder
0.5072,B1,0.1161,0.529,0.4727,0.3944,0.5297,0.6524,0.3248,0.5477,collocation,context,collocation_pattern_builder
0.3229,A2,0.0403,0.4024,0.3526,0.245,0.4728,0.3342,0.1931,0.3776,collocation,meaning,collocation_pattern_builder
0.3507,A2,0.0973,0.4264,0.3458,0.2362,0.407,0.3791,0.1768,0.4624,collocation,word-form,collocation_pattern_builder
0.4384,A2,0.0198,0.5131,0.4078,0.3286,0.4815,0.5678,0.2687,0.4185,collocation,context,collocation_pattern_builder
0.4869,B1,0.1067,0.5113,0.4709,0.3137,0.5143,0.5713,0.2938,0.5223,collocation,context,collocation_pattern_builder
0.3138,A2,0.1115,0.3598,0.3167,0.2063,0.4451,0.3199,0.1953,0.3031,collocation,meaning,collocation_pattern_builder
0.5679,B1,0.0414,0.578,0.591,0.4565,0.6661,0.581,0.3688,0.6086,collocation,meaning,collocation_pattern_builder
0.4849,B1,0.085,0.5266,0.4528,0.3679,0.5559,0.4994,0.3012,0.4436,collocation,meaning,collocation_pattern_builder
0.4742,B1,0.0484,0.5879,0.4955,0.3536,0.5926,0.5113,0.2787,0.4764,collocation,meaning,collocation_pattern_builder
0.4258,A2,0.0411,0.5123,0.4396,0.2918,0.4059,0.5656,0.275,0.4341,collocation,context,collocation_pattern_builder
0.5684,B1,0.109,0.6519,0.5326,0.3977,0.5291,0.6925,0.3992,0.6088,collocation,context,collocation_pattern_builder
0.6006,B1,0.1194,0.6945,0.5843,0.4975,0.6043,0.5958,0.4191,0.7045,collocation,word-form,collocation_pattern_builder
0.6291,B1,0.0299,0.6582,0.632,0.5115,0.6401,0.7345,0.3859,0.6459,collocation,context,collocation_pattern_builder
0.3745,A2,0.0563,0.4286,0.3254,0.2055,0.5062,0.3957,0.138,0.4144,collocation,meaning,collocation_pattern_builder
0.6207,B1,0.1054,0.726,0.5786,0.5405,0.6176,0.7524,0.4136,0.6386,collocation,context,collocation_pattern_builder
0.4839,B1,0.0298,0.5491,0.4984,0.2941,0.4611,0.6089,0.2889,0.519,collocation,context,collocation_pattern_builder
0.3618,A2,0.0197,0.3743,0.3739,0.2264,0.3806,0.4908,0.1929,0.3179,collocation,context,collocation_pattern_builder
0.5421,B1,0.012,0.6339,0.5681,0.4346,0.5419,0.5418,0.3509,0.6701,collocation,word-form,collocation_pattern_builder
0.3066,A2,0.0901,0.3481,0.3538,0.1812,0.3163,0.3608,0.1569,0.4526,collocation,word-form,collocation_pattern_builder
0.5025,B1,0.0347,0.5493,0.5635,0.434,0.5361,0.6653,0.3486,0.5924,collocation,context,collocation_pattern_builder
0.6246,B1,0.1194,0.7525,0.6304,0.5383,0.7475,0.6838,0.4663,0.6615,collocation,meaning,collocation_pattern_builder
0.5162,B1,0.0563,0.6253,0.5156,0.4436,0.5987,0.5199,0.4039,0.6528,collocation,word-form,collocation_pattern_builder
0.3257,A2,0.032,0.3761,0.3157,0.195,0.3513,0.3849,0.2149,0.4946,collocation,word-form,collocation_pattern_builder
0.3831,A2,0.0198,0.4882,0.4075,0.2629,0.4767,0.4152,0.2301,0.5631,collocation,word-form,collocation_pattern_builder
0.2976,A2,0.0611,0.3631,0.2807,0.2364,0.3544,0.3025,0.4146,0.1224,word-form,collocation,word_form_control
0.2932,A2,0.0812,0.4191,0.343,0.1349,0.412,0.3692,0.32,0.1456,word-form,meaning,word_form_control
0.408,A2,0.0626,0.4518,0.3774,0.2953,0.4573,0.4897,0.4351,0.2309,word-form,context,word_form_control
0.4087,A2,0.0518,0.5025,0.4436,0.3112,0.5425,0.463,0.3993,0.279,word-form,meaning,word_form_control
0.4132,A2,0.0114,0.5107,0.386,0.2283,0.5261,0.4599,0.4447,0.2284,word-form,meaning,word_form_control
0.5816,B1,0.0373,0.6475,0.5853,0.4048,0.622,0.6029,0.6889,0.3849,word-form,collocation,word_form_control
0.3945,A2,0.0282,0.511,0.3881,0.2645,0.4317,0.3824,0.4884,0.2124,word-form,collocation,word_form_control
0.5228,B1,0.1042,0.579,0.5214,0.4356,0.5296,0.6537,0.5105,0.3476,word-form,context,word_form_control
0.4521,B1,0.1079,0.5346,0.4512,0.3483,0.5604,0.4765,0.4038,0.2988,word-form,meaning,word_form_control
0.4874,B1,0.0888,0.5472,0.4732,0.3385,0.5083,0.5362,0.593,0.3211,word-form,collocation,word_form_control
0.2868,A2,0.0889,0.409,0.2633,0.1552,0.3109,0.3229,0.4453,0.1625,word-form,collocation,word_form_control
0.4921,B1,0.0797,0.5644,0.4991,0.421,0.673,0.5149,0.5074,0.3759,word-form,meaning,word_form_control
0.5307,B1,0.0631,0.5816,0.4534,0.4221,0.6334,0.5236,0.5444,0.3664,word-form,meaning,word_form_control
0.4581,B1,0.0862,0.505,0.481,0.3147,0.5853,0.4402,0.5044,0.2637,word-form,meaning,word_form_control
0.3922,A2,0.0883,0.4592,0.3343,0.2546,0.4308,0.5034,0.3797,0.1973,word-form,context,word_form_control
0.5926,B1,0.0801,0.6891,0.6356,0.4359,0.5898,0.589,0.6974,0.3852,word-form,collocation,word_form_control
0.4992,B1,0.0217,0.5949,0.5493,0.3838,0.5477,0.6741,0.5858,0.3308,word-form,context,word_form_control
0.4261,A2,0.0136,0.5134,0.4186,0.259,0.517,0.3995,0.4545,0.2537,word-form,meaning,word_form_control
0.5722,B1,0.0152,0.6279,0.5765,0.4464,0.674,0.5943,0.583,0.3685,word-form,meaning,word_form_control
0.4406,A2,0.1103,0.4918,0.4278,0.3167,0.4754,0.5173,0.411,0.2786,word-form,context,word_form_control
0.5416,B1,0.0909,0.5845,0.5579,0.347,0.5263,0.5484,0.6231,0.3243,word-form,collocation,word_form_control
0.3009,A2,0.0156,0.4115,0.2761,0.156,0.4337,0.3462,0.3036,0.1676,word-form,meaning,word_form_control
0.6234,B1,0.0275,0.6695,0.6327,0.4691,0.6513,0.5971,0.7365,0.4605,word-form,collocation,word_form_control
0.4844,B1,0.1179,0.5599,0.4577,0.3843,0.4438,0.5699,0.456,0.3022,word-form,context,word_form_control
0.2599,A2,0.0382,0.3916,0.2611,0.1826,0.2876,0.277,0.3758,0.131,word-form,collocation,word_form_control
0.5517,B1,0.0284,0.636,0.4854,0.3975,0.6192,0.5784,0.5336,0.3561,word-form,meaning,word_form_control
0.6346,B1,0.0916,0.7087,0.5657,0.508,0.6285,0.6378,0.7431,0.4559,word-form,collocation,word_form_control
0.4117,A2,0.0385,0.5274,0.4238,0.3055,0.5218,0.4134,0.4439,0.2901,word-form,meaning,word_form_control
0.4264,A2,0.0493,0.4383,0.4265,0.2365,0.4224,0.4136,0.5524,0.2814,word-form,collocation,word_form_control
0.4279,A2,0.053,0.537,0.4384,0.3243,0.4997,0.5686,0.4296,0.2816,word-form,context,word_form_control
0.571,B1,0.0256,0.6359,0.5869,0.3723,0.5506,0.5845,0.7018,0.3343,word-form,collocation,word_form_control
0.2935,A2,0.0277,0.3486,0.2755,0.1788,0.3239,0.3179,0.4475,0.0969,word-form,collocation,word_form_control
0.346,A2,0.0174,0.4745,0.3412,0.23,0.3445,0.5103,0.405,0.1484,word-form,context,word_form_control
0.298,A2,0.0825,0.3404,0.2727,0.182,0.3414,0.3785,0.4233,0.1623,word-form,collocation,word_form_control
0.5327,B1,0.0248,0.5579,0.5298,0.3794,0.623,0.5222,0.5174,0.3853,word-form,meaning,word_form_control
0.5345,B1,0.039,0.6334,0.5551,0.3632,0.5455,0.6617,0.5298,0.3834,word-form,context,word_form_control
0.564,B1,0.1083,0.6783,0.5426,0.405,0.7119,0.6406,0.6363,0.3782,word-form,meaning,word_form_control
0.4585,B1,0.0829,0.53,0.4545,0.3232,0.511,0.4701,0.5739,0.2675,word-form,collocation,word_form_control
0.5991,B1,0.0144,0.6755,0.5229,0.4615,0.6067,0.614,0.6979,0.3873,word-form,collocation,word_form_control
0.5511,B1,0.0456,0.6059,0.5244,0.3635,0.6542,0.5458,0.5132,0.3272,word-form,meaning,word_form_control
0.494,B1,0.0377,0.5771,0.518,0.4291,0.5526,0.5166,0.6356,0.338,word-form,collocation,word_form_control
0.5783,B1,0.0808,0.6809,0.5646,0.4473,0.743,0.616,0.6675,0.4373,word-form,meaning,word_form_control
0.356,A2,0.0812,0.3832,0.3594,0.2198,0.465,0.3821,0.4036,0.1846,word-form,meaning,word_form_control
0.4357,A2,0.0759,0.4453,0.3855,0.2577,0.5498,0.4471,0.4058,0.2862,word-form,meaning,word_form_control
0.468,B1,0.0257,0.5388,0.4598,0.3136,0.6041,0.5144,0.5238,0.3221,word-form,meaning,word_form_control
0.4316,A2,0.0675,0.505,0.4559,0.3113,0.6099,0.4992,0.4649,0.2651,word-form,meaning,word_form_control
0.578,B1,0.0243,0.6876,0.5795,0.4209,0.6012,0.5741,0.6819,0.4038,word-form,collocation,word_form_control
0.5031,B1,0.0519,0.5582,0.4481,0.3854,0.5782,0.5327,0.5201,0.3218,word-form,meaning,word_form_control
0.4916,B1,0.0384,0.5913,0.4287,0.3601,0.5411,0.534,0.6239,0.3274,word-form,collocation,word_form_control
0.2846,A2,0.0379,0.3334,0.2581,0.1173,0.3308,0.3097,0.42,0.093,word-form,collocation,word_form_control
0.5727,B1,0.1187,0.6464,0.5286,0.4466,0.5972,0.6993,0.6399,0.4224,word-form,context,word_form_control
0.4921,B1,0.0981,0.5913,0.4264,0.3472,0.4862,0.4602,0.6212,0.3257,word-form,collocation,word_form_control
0.4692,B1,0.0188,0.6014,0.4723,0.3152,0.5294,0.4748,0.5889,0.3506,word-form,collocation,word_form_control
0.2597,A2,0.1036,0.3902,0.2504,0.1623,0.3559,0.3869,0.3285,0.0761,word-form,context,word_form_control
0.5548,B1,0.1196,0.6201,0.5604,0.4165,0.5951,0.5698,0.6983,0.4456,word-form,collocation,word_form_control
0.5517,B1,0.0482,0.62,0.5577,0.421,0.5821,0.6994,0.5351,0.3518,word-form,context,word_form_control
0.573,B1,0.0983,0.5879,0.5045,0.4067,0.6758,0.5467,0.6202,0.4038,word-form,meaning,word_form_control
0.6128,B1,0.0746,0.701,0.6414,0.4712,0.6566,0.6328,0.7492,0.4246,word-form,collocation,word_form_control
0.2989,A2,0.039,0.3505,0.2646,0.1629,0.4353,0.2976,0.3382,0.0962,word-form,meaning,word_form_control
0.3907,A2,0.1101,0.4871,0.3446,0.2924,0.415,0.4924,0.3553,0.2048,word-form,context,word_form_control
0.415,A2,0.1151,0.5053,0.4676,0.2816,0.5982,0.4439,0.4462,0.2445,word-form,meaning,word_form_control
0.4545,B1,0.1183,0.566,0.4772,0.3544,0.572,0.4717,0.4217,0.2616,word-form,meaning,word_form_control
0.6024,B1,0.0603,0.6147,0.5662,0.4975,0.6012,0.7472,0.5743,0.4234,word-form,context,word_form_control
0.3019,A2,0.0618,0.4022,0.2869,0.1958,0.3369,0.3598,0.4337,0.1386,word-form,collocation,word_form_control
0.5004,B1,0.0996,0.5535,0.4856,0.4064,0.4768,0.6065,0.5004,0.3256,word-form,context,word_form_control
0.5348,B1,0.0794,0.5461,0.5072,0.3585,0.6482,0.5807,0.5147,0.3286,word-form,meaning,word_form_control
0.4705,B1,0.0595,0.4876,0.4829,0.3292,0.5101,0.5999,0.4878,0.2957,word-form,context,word_form_control
0.4061,A2,0.0692,0.4817,0.3943,0.2715,0.3998,0.5084,0.4448,0.2267,word-form,context,word_form_control
0.5813,B1,0.0988,0.6616,0.6162,0.4475,0.6185,0.7297,0.6317,0.4029,word-form,context,word_form_control
0.3919,A2,0.1076,0.48,0.4058,0.2753,0.4259,0.4052,0.5067,0.2338,word-form,collocation,word_form_control
0.5524,B1,0.0332,0.589,0.5107,0.4399,0.5903,0.6443,0.5606,0.3387,word-form,context,word_form_control
0.4171,A2,0.1074,0.4433,0.3812,0.2505,0.5585,0.4729,0.4398,0.2493,word-form,meaning,word_form_control
0.3845,A2,0.1058,0.4409,0.4167,0.2916,0.4776,0.3995,0.3678,0.2398,word-form,meaning,word_form_control
0.6102,B1,0.0441,0.6814,0.5943,0.4702,0.6123,0.6648,0.732,0.4141,word-form,collocation,word_form_control
0.3764,A2,0.0689,0.4704,0.4139,0.2317,0.3908,0.377,0.4888,0.254,word-form,collocation,word_form_control
0.5073,B1,0.0534,0.5346,0.4912,0.375,0.5785,0.62,0.4848,0.3575,word-form,context,word_form_control
0.3297,A2,0.0813,0.4355,0.3368,0.2249,0.3701,0.3884,0.4617,0.1492,word-form,collocation,word_form_control
0.4217,A2,0.0155,0.5081,0.4631,0.2996,0.4722,0.5941,0.4491,0.2735,word-form,context,word_form_control
0.464,B1,0.0648,0.4834,0.4236,0.3239,0.5582,0.4601,0.4444,0.3312,word-form,meaning,word_form_control
0.4223,A2,0.0999,0.4334,0.3933,0.2455,0.4554,0.4093,0.5506,0.2712,word-form,collocation,word_form_control
0.57,B1,0.0329,0.6015,0.5751,0.391,0.7212,0.6031,0.5701,0.4094,word-form,meaning,word_form_control
0.3824,A2,0.0833,0.4804,0.3822,0.2683,0.4759,0.5109,0.4551,0.2328,word-form,context,word_form_control
0.6004,B1,0.0756,0.6318,0.5551,0.5093,0.7562,0.6134,0.5976,0.4701,word-form,meaning,word_form_control
0.3957,A2,0.0218,0.4323,0.3818,0.2417,0.5494,0.4263,0.4449,0.189,word-form,meaning,word_form_control
0.4691,B1,0.0634,0.5348,0.4217,0.2793,0.514,0.5494,0.4915,0.2764,word-form,context,word_form_control
0.4177,A2,0.0684,0.5355,0.4286,0.3348,0.453,0.5515,0.4554,0.2696,word-form,context,word_form_control
0.4244,A2,0.017,0.5148,0.4092,0.3148,0.457,0.5846,0.4804,0.2368,word-form,context,word_form_control
0.5755,B1,0.1132,0.661,0.5585,0.4947,0.5978,0.7275,0.6554,0.4534,word-form,context,word_form_control
0.3255,A2,0.0767,0.4133,0.3509,0.1863,0.4768,0.3593,0.3206,0.1355,word-form,meaning,word_form_control
0.3349,A2,0.0164,0.3984,0.3331,0.2063,0.4194,0.3669,0.3573,0.1166,word-form,meaning,word_form_control
0.6363,B1,0.05,0.7189,0.6247,0.5383,0.5889,0.6361,0.7002,0.7592,meaning,word-form,b1_bridge_builder
0.533,B1,0.0127,0.586,0.5274,0.4295,0.5199,0.5732,0.6723,0.4528,word-form,collocation,b1_bridge_builder
0.7428,B2,0.03,0.8323,0.722,0.5937,0.7799,0.8376,0.7893,0.6508,word-form,context,b1_bridge_builder
0.6289,B1,0.0178,0.7028,0.6904,0.5012,0.6872,0.7368,0.5122,0.6637,collocation,context,b1_bridge_builder
0.7188,B2,0.02,0.7643,0.6739,0.5648,0.6082,0.7502,0.7094,0.7739,meaning,word-form,b1_bridge_builder
0.593,B1,0.0076,0.6352,0.6163,0.4767,0.6653,0.5833,0.4936,0.5341,collocation,meaning,b1_bridge_builder
0.6745,B1,0.0598,0.7147,0.7043,0.5034,0.5779,0.6495,0.6893,0.7741,meaning,word-form,b1_bridge_builder
0.701,B2,0.0314,0.7671,0.679,0.5419,0.6091,0.6951,0.6874,0.7759,meaning,word-form,b1_bridge_builder
0.6009,B1,0.0558,0.6829,0.5943,0.4879,0.5247,0.7228,0.5828,0.6017,meaning,context,b1_bridge_builder
0.6792,B1,0.0461,0.7219,0.6643,0.5607,0.6575,0.6772,0.7791,0.5579,word-form,collocation,b1_bridge_builder
0.5447,B1,0.0352,0.5897,0.5769,0.455,0.5313,0.6149,0.5292,0.4309,word-form,context,b1_bridge_builder
0.7004,B2,0.0275,0.7954,0.6881,0.6366,0.7979,0.6116,0.7462,0.6819,context,meaning,b1_bridge_builder
0.7073,B2,0.0535,0.7618,0.7092,0.6262,0.6941,0.802,0.5987,0.6681,collocation,context,b1_bridge_builder
0.6102,B1,0.0528,0.6137,0.5917,0.46,0.5391,0.5813,0.7021,0.6146,meaning,collocation,b1_bridge_builder
0.6821,B2,0.0401,0.7517,0.7468,0.5933,0.5818,0.7251,0.7761,0.6982,meaning,collocation,b1_bridge_builder
0.6381,B1,0.0401,0.6659,0.6333,0.4744,0.5498,0.7016,0.6041,0.6101,meaning,context,b1_bridge_builder
0.6893,B2,0.0768,0.7983,0.7143,0.5374,0.7377,0.7677,0.619,0.7041,collocation,context,b1_bridge_builder
0.6613,B1,0.069,0.6854,0.6186,0.5389,0.6288,0.5717,0.7473,0.6957,context,collocation,b1_bridge_builder
0.5757,B1,0.0704,0.6537,0.6328,0.4298,0.6375,0.4638,0.667,0.6313,context,collocation,b1_bridge_builder
0.6399,B1,0.0789,0.7052,0.6488,0.5231,0.7261,0.7843,0.5754,0.7121,collocation,context,b1_bridge_builder
0.6686,B1,0.0393,0.7262,0.6769,0.5231,0.6289,0.5624,0.6417,0.7459,context,word-form,b1_bridge_builder
0.568,B1,0.0789,0.6591,0.576,0.3869,0.6548,0.4613,0.5018,0.5272,context,meaning,b1_bridge_builder
0.7181,B2,0.0475,0.7588,0.6921,0.6019,0.6933,0.7065,0.8149,0.6478,word-form,collocation,b1_bridge_builder
0.6478,B1,0.077,0.7439,0.5895,0.5043,0.5584,0.6312,0.6733,0.7278,meaning,word-form,b1_bridge_builder
0.5744,B1,0.0072,0.6408,0.6021,0.4381,0.6002,0.6769,0.5404,0.4812,word-form,context,b1_bridge_builder
0.6197,B1,0.02,0.6992,0.6514,0.4803,0.6739,0.5386,0.5937,0.7009,context,word-form,b1_bridge_builder
0.6609,B1,0.044,0.7549,0.7197,0.5634,0.6955,0.6062,0.6928,0.7746,context,word-form,b1_bridge_builder
0.5259,B1,0.0501,0.5816,0.5106,0.4365,0.5362,0.4571,0.6324,0.5665,context,collocation,b1_bridge_builder
0.5438,B1,0.0363,0.6167,0.5452,0.3975,0.6543,0.451,0.4971,0.5456,context,meaning,b1_bridge_builder
0.5754,B1,0.0462,0.6327,0.6021,0.4618,0.5427,0.6883,0.6301,0.6492,meaning,context,b1_bridge_builder
0.6447,B1,0.0463,0.7222,0.6815,0.5005,0.7542,0.6444,0.5499,0.6699,collocation,meaning,b1_bridge_builder
0.7084,B2,0.0331,0.782,0.6871,0.6409,0.6059,0.7647,0.7888,0.7508,meaning,collocation,b1_bridge_builder
0.5659,B1,0.0678,0.6366,0.595,0.4668,0.53,0.5,0.6141,0.6696,context,word-form,b1_bridge_builder
0.5385,B1,0.0372,0.6104,0.5562,0.4265,0.6901,0.5768,0.4606,0.5769,collocation,meaning,b1_bridge_builder
0.6729,B1,0.0405,0.7254,0.6734,0.6043,0.736,0.5907,0.6787,0.756,context,word-form,b1_bridge_builder
0.6113,B1,0.0638,0.6343,0.5751,0.4885,0.5292,0.6618,0.6137,0.6029,meaning,context,b1_bridge_builder
0.6741,B1,0.0252,0.7463,0.6956,0.522,0.7469,0.7012,0.6657,0.5472,word-form,meaning,b1_bridge_builder
0.6539,B1,0.0457,0.651,0.6863,0.5305,0.6564,0.51,0.6767,0.7147,context,word-form,b1_bridge_builder
0.5845,B1,0.009,0.6609,0.6508,0.4573,0.5109,0.5872,0.68,0.5971,meaning,collocation,b1_bridge_builder
0.6739,B1,0.0697,0.7759,0.6951,0.6002,0.8081,0.6194,0.691,0.6927,context,meaning,b1_bridge_builder
0.6974,B2,0.0037,0.7796,0.7103,0.5396,0.8168,0.6406,0.7222,0.7031,context,meaning,b1_bridge_builder
0.5971,B1,0.0219,0.6764,0.6286,0.4763,0.7111,0.6157,0.561,0.6166,collocation,meaning,b1_bridge_builder
0.5177,B1,0.0041,0.5505,0.5045,0.4426,0.4071,0.6178,0.5005,0.5677,meaning,context,b1_bridge_builder
0.5083,B1,0.0159,0.6054,0.521,0.3919,0.404,0.6241,0.5156,0.5468,meaning,context,b1_bridge_builder
0.7108,B2,0.0115,0.7613,0.7135,0.5639,0.62,0.65,0.7655,0.7067,meaning,collocation,b1_bridge_builder
0.6995,B2,0.0137,0.7301,0.7146,0.5822,0.7063,0.8043,0.5953,0.7459,collocation,context,b1_bridge_builder
0.6872,B2,0.0438,0.7522,0.679,0.5603,0.6492,0.5835,0.7186,0.7965,context,word-form,b1_bridge_builder
0.7064,B2,0.0745,0.7987,0.7079,0.6305,0.8415,0.7656,0.7434,0.6438,word-form,meaning,b1_bridge_builder
0.6542,B1,0.0303,0.6633,0.6072,0.5577,0.7637,0.6426,0.6518,0.574,word-form,meaning,b1_bridge_builder
0.6298,B1,0.0358,0.7048,0.624,0.4879,0.5121,0.7342,0.6368,0.6542,meaning,context,b1_bridge_builder
0.5827,B1,0.0323,0.6097,0.5242,0.3961,0.5723,0.6842,0.4748,0.6096,collocation,context,b1_bridge_builder
0.5578,B1,0.0315,0.6442,0.5846,0.4016,0.6296,0.553,0.4306,0.5684,collocation,meaning,b1_bridge_builder
0.619,B1,0.0536,0.6924,0.624,0.4354,0.5781,0.6731,0.6062,0.5168,word-form,context,b1_bridge_builder
0.5567,B1,0.0484,0.6238,0.5411,0.4251,0.4202,0.5717,0.5482,0.6146,meaning,word-form,b1_bridge_builder
0.6097,B1,0.0329,0.6814,0.6483,0.4673,0.6146,0.5406,0.7099,0.5992,context,collocation,b1_bridge_builder
0.6645,B1,0.0623,0.6644,0.6633,0.5685,0.7416,0.647,0.5464,0.6015,collocation,meaning,b1_bridge_builder
0.5826,B1,0.0275,0.6957,0.6521,0.4835,0.4951,0.5811,0.6195,0.687,meaning,word-form,b1_bridge_builder
0.6972,B2,0.0582,0.7302,0.6448,0.6136,0.6925,0.7992,0.7147,0.564,word-form,context,b1_bridge_builder
0.6434,B1,0.0222,0.6827,0.6023,0.5246,0.5274,0.6109,0.5992,0.7415,meaning,word-form,b1_bridge_builder
0.5523,B1,0.0388,0.6038,0.5799,0.4053,0.5849,0.6182,0.4477,0.5166,collocation,context,b1_bridge_builder
0.7077,B2,0.0134,0.7472,0.6842,0.5919,0.5772,0.7426,0.801,0.728,meaning,collocation,b1_bridge_builder
0.6377,B1,0.0564,0.7317,0.6723,0.5304,0.7252,0.6727,0.5592,0.6139,collocation,meaning,b1_bridge_builder
0.6351,B1,0.0765,0.7027,0.5785,0.5462,0.6614,0.5169,0.6671,0.7421,context,word-form,b1_bridge_builder
0.611,B1,0.0542,0.6492,0.6322,0.522,0.592,0.7155,0.5227,0.6234,collocation,context,b1_bridge_builder
0.6942,B2,0.0496,0.7837,0.761,0.5937,0.6896,0.6894,0.6417,0.8396,collocation,word-form,b1_bridge_builder
0.5605,B1,0.0557,0.6325,0.5391,0.4592,0.5463,0.4634,0.4945,0.6319,context,word-form,b1_bridge_builder
0.5476,B1,0.0622,0.6627,0.5581,0.4219,0.6194,0.5896,0.6899,0.4858,word-form,collocation,b1_bridge_builder
0.5904,B1,0.0345,0.6535,0.6188,0.4451,0.6763,0.6355,0.4757,0.5612,collocation,meaning,b1_bridge_builder
0.6745,B1,0.0532,0.7547,0.62,0.5491,0.5775,0.6154,0.7418,0.6622,meaning,collocation,b1_bridge_builder
0.5511,B1,0.0763,0.6667,0.6072,0.4626,0.5861,0.6893,0.4881,0.5777,collocation,context,b1_bridge_builder
0.7252,B2,0.0064,0.8058,0.659,0.5834,0.7979,0.7435,0.6858,0.6119,word-form,meaning,b1_bridge_builder
0.6333,B1,0.035,0.6418,0.64,0.4998,0.5914,0.6266,0.5402,0.7045,collocation,word-form,b1_bridge_builder
0.5871,B1,0.0013,0.6217,0.6082,0.4729,0.4462,0.6603,0.5355,0.5506,meaning,context,b1_bridge_builder
0.6083,B1,0.003,0.6921,0.5595,0.4826,0.5489,0.5565,0.5026,0.6953,collocation,word-form,b1_bridge_builder
0.56,B1,0.0668,0.6516,0.5832,0.3909,0.4901,0.563,0.6491,0.566,meaning,collocation,b1_bridge_builder
0.5631,B1,0.0461,0.6423,0.5519,0.3965,0.4442,0.6428,0.5061,0.5645,meaning,context,b1_bridge_builder
0.5155,B1,0.008,0.6156,0.5441,0.4728,0.652,0.4612,0.5123,0.5143,context,meaning,b1_bridge_builder
0.7225,B2,0.0554,0.8051,0.698,0.6172,0.8055,0.7051,0.6702,0.6402,word-form,meaning,b1_bridge_builder
0.5446,B1,0.0335,0.6366,0.5242,0.478,0.5604,0.5393,0.4636,0.6684,collocation,word-form,b1_bridge_builder
0.6078,B1,0.009,0.6991,0.6553,0.4935,0.7331,0.5136,0.6546,0.679,context,meaning,b1_bridge_builder
0.5172,B1,0.0592,0.5963,0.5833,0.4587,0.5205,0.6389,0.5071,0.4729,word-form,context,b1_bridge_builder
0.7019,B2,0.0623,0.7661,0.6933,0.6212,0.819,0.613,0.6851,0.763,context,meaning,b1_bridge_builder
0.5838,B1,0.031,0.6908,0.5562,0.5145,0.4988,0.6808,0.5793,0.5638,meaning,context,b1_bridge_builder
0.5489,B1,0.0176,0.5711,0.5466,0.4218,0.5359,0.4502,0.5336,0.6268,context,word-form,b1_bridge_builder
0.5829,B1,0.037,0.6471,0.6212,0.4366,0.6302,0.5089,0.5927,0.6696,context,word-form,b1_bridge_builder
0.5,B1,0.0793,0.6246,0.563,0.395,0.5605,0.498,0.64,0.3983,word-form,collocation,b1_bridge_builder
0.7006,B2,0.0106,0.7472,0.6326,0.5845,0.5897,0.6793,0.7558,0.7135,meaning,collocation,b1_bridge_builder
0.5798,B1,0.0632,0.6406,0.6123,0.5025,0.4728,0.6465,0.6054,0.6209,meaning,context,b1_bridge_builder
0.6013,B1,0.0636,0.6541,0.5785,0.5261,0.6148,0.6375,0.6635,0.5182,word-form,collocation,b1_bridge_builder
0.6728,B1,0.014,0.7144,0.6799,0.5852,0.5861,0.7169,0.6488,0.8066,meaning,word-form,b1_bridge_builder
0.633,B1,0.0596,0.7468,0.6509,0.5688,0.575,0.6134,0.6911,0.7316,meaning,word-form,b1_bridge_builder
0.585,B1,0.072,0.6626,0.5666,0.4528,0.57,0.6597,0.4779,0.5569,collocation,context,b1_bridge_builder
0.6409,B1,0.0087,0.6375,0.6592,0.4783,0.664,0.6503,0.497,0.7069,collocation,word-form,b1_bridge_builder
0.586,B1,0.0017,0.6839,0.5781,0.4527,0.5458,0.4915,0.6817,0.533,context,collocation,b1_bridge_builder
0.5593,B1,0.0366,0.6202,0.5782,0.4446,0.4557,0.6688,0.5452,0.5695,meaning,context,b1_bridge_builder
0.6135,B1,0.0428,0.6832,0.6904,0.5367,0.7137,0.6175,0.5256,0.6236,collocation,meaning,b1_bridge_builder
0.5471,B1,0.0028,0.5827,0.5361,0.4086,0.5794,0.4972,0.5272,0.6391,context,word-form,b1_bridge_builder
0.5632,B1,0.0003,0.6497,0.5543,0.4655,0.674,0.5937,0.4653,0.5699,collocation,meaning,b1_bridge_builder
0.6723,B1,0.0551,0.7072,0.689,0.6032,0.703,0.6799,0.5538,0.7769,collocation,word-form,b1_bridge_builder
0.6695,B1,0.0625,0.7236,0.6918,0.5305,0.6055,0.7624,0.6355,0.6927,meaning,context,b1_bridge_builder
0.8597,B2,0.0333,0.9425,0.9237,0.8446,0.9431,0.7749,0.8911,0.9192,context,meaning,b2_precision_push
0.8059,B2,0.0221,0.8411,0.8783,0.7937,0.7881,0.8776,0.784,0.7328,word-form,context,b2_precision_push
0.7971,B2,0.0378,0.8595,0.8414,0.6794,0.7924,0.7303,0.8265,0.7003,word-form,collocation,b2_precision_push
0.72,B2,0.0413,0.7763,0.7659,0.7131,0.7745,0.7291,0.7945,0.6524,word-form,collocation,b2_precision_push
0.9228,B2,0.0209,0.97,0.9242,0.8723,0.8928,0.97,0.8312,0.8612,collocation,context,b2_precision_push
0.8321,B2,0.0347,0.8949,0.8952,0.8012,0.8974,0.7336,0.8678,0.775,context,meaning,b2_precision_push
0.7478,B2,0.0145,0.7912,0.7759,0.7551,0.6958,0.7258,0.8021,0.7817,meaning,collocation,b2_precision_push
0.8308,B2,0.0349,0.8775,0.9004,0.8259,0.7759,0.8387,0.8524,0.8921,meaning,word-form,b2_precision_push
0.7743,B2,0.0449,0.8227,0.798,0.7346,0.888,0.7943,0.7321,0.791,collocation,meaning,b2_precision_push
0.8638,B2,0.0382,0.8989,0.9144,0.8517,0.7739,0.8039,0.9083,0.885,meaning,collocation,b2_precision_push
0.8115,B2,0.0056,0.8294,0.8765,0.7509,0.8538,0.7503,0.7071,0.8078,collocation,meaning,b2_precision_push
0.7446,B2,0.0391,0.7691,0.7204,0.7105,0.7102,0.7797,0.7531,0.6802,word-form,context,b2_precision_push
0.9071,B2,0.0364,0.97,0.9288,0.8401,0.9441,0.8133,0.8892,0.97,context,word-form,b2_precision_push
0.8013,B2,0.046,0.8638,0.7588,0.7609,0.6705,0.827,0.7712,0.7899,meaning,context,b2_precision_push
0.9154,B2,0.0157,0.9527,0.9317,0.851,0.9101,0.97,0.9076,0.8002,word-form,context,b2_precision_push
0.8466,B2,0.0222,0.8615,0.8632,0.7644,0.8394,0.7535,0.869,0.7835,context,collocation,b2_precision_push
0.8324,B2,0.0329,0.9507,0.8699,0.7613,0.7997,0.8897,0.75,0.8284,collocation,context,b2_precision_push
0.778,B2,0.0061,0.8545,0.7609,0.7165,0.7271,0.6383,0.7902,0.7702,context,collocation,b2_precision_push
0.9335,B2,0.0256,0.9432,0.9443,0.9026,0.9141,0.97,0.897,0.7996,word-form,context,b2_precision_push
0.7402,B2,0.0302,0.8525,0.7893,0.6721,0.8364,0.7484,0.7377,0.7077,word-form,meaning,b2_precision_push
0.7981,B2,0.0405,0.8347,0.8252,0.7559,0.7977,0.8114,0.7159,0.8587,collocation,word-form,b2_precision_push
0.8416,B2,0.0442,0.8517,0.8358,0.814,0.7369,0.9002,0.79,0.8231,meaning,context,b2_precision_push
0.7439,B2,0.0028,0.8268,0.7898,0.7291,0.8305,0.7417,0.7792,0.6834,word-form,meaning,b2_precision_push
0.8025,B2,0.0313,0.8293,0.8436,0.7511,0.7903,0.7993,0.8291,0.6973,word-form,collocation,b2_precision_push
0.7862,B2,0.0085,0.8246,0.8549,0.803,0.8417,0.8617,0.772,0.742,word-form,context,b2_precision_push
0.8207,B2,0.0049,0.8499,0.8493,0.8047,0.7865,0.8199,0.9012,0.8198,meaning,collocation,b2_precision_push
0.8056,B2,0.0425,0.8578,0.8712,0.8351,0.8173,0.7597,0.9161,0.7897,context,collocation,b2_precision_push
0.7757,B2,0.0266,0.8406,0.812,0.7102,0.8487,0.7702,0.6653,0.7753,collocation,meaning,b2_precision_push
0.8267,B2,0.009,0.8657,0.8579,0.7707,0.8654,0.7856,0.733,0.7987,collocation,meaning,b2_precision_push
0.7754,B2,0.0363,0.8246,0.799,0.7344,0.7236,0.6676,0.7561,0.8056,context,word-form,b2_precision_push
0.7719,B2,0.0133,0.838,0.8131,0.7154,0.7282,0.6413,0.8025,0.7585,context,collocation,b2_precision_push
0.7894,B2,0.0453,0.8285,0.8159,0.7965,0.7961,0.7357,0.8673,0.7657,context,collocation,b2_precision_push
0.7944,B2,0.0157,0.8526,0.8286,0.6859,0.8125,0.7894,0.6817,0.7655,collocation,meaning,b2_precision_push
0.7643,B2,0.0332,0.8232,0.8267,0.7496,0.6892,0.7968,0.8717,0.7693,meaning,collocation,b2_precision_push
0.8463,B2,0.0072,0.8951,0.9009,0.7797,0.8745,0.9153,0.7763,0.8668,collocation,context,b2_precision_push
0.7453,B2,0.0392,0.8296,0.7925,0.6997,0.7459,0.8107,0.6731,0.7584,collocation,context,b2_precision_push
0.7729,B2,0.0126,0.8489,0.7444,0.7607,0.7369,0.7369,0.836,0.7069,word-form,collocation,b2_precision_push
0.8211,B2,0.0118,0.9147,0.8125,0.726,0.7591,0.8336,0.7024,0.8666,collocation,word-form,b2_precision_push
0.7785,B2,0.0421,0.8644,0.8461,0.7292,0.7752,0.72,0.8554,0.7527,context,collocation,b2_precision_push
0.8696,B2,0.0315,0.9288,0.8562,0.7887,0.7747,0.9504,0.8487,0.8737,meaning,context,b2_precision_push
0.916,B2,0.0343,0.97,0.9513,0.8745,0.954,0.8287,0.8596,0.8587,context,meaning,b2_precision_push
0.9036,B2,0.0472,0.9184,0.91,0.8167,0.8764,0.9685,0.7889,0.8973,collocation,context,b2_precision_push
0.8955,B2,0.0214,0.9367,0.957,0.8337,0.97,0.8025,0.9116,0.9095,context,meaning,b2_precision_push
0.7652,B2,0.0473,0.8748,0.8114,0.7145,0.6856,0.7788,0.8684,0.7746,meaning,collocation,b2_precision_push
0.907,B2,0.0014,0.97,0.8916,0.8207,0.9073,0.97,0.8297,0.8597,collocation,context,b2_precision_push
0.9067,B2,0.0192,0.97,0.97,0.875,0.9103,0.8701,0.9235,0.97,context,word-form,b2_precision_push
0.8342,B2,0.0023,0.9186,0.8914,0.7845,0.9045,0.7605,0.7102,0.7781,collocation,meaning,b2_precision_push
0.7758,B2,0.0045,0.8077,0.81,0.7246,0.8097,0.8297,0.7583,0.7283,word-form,context,b2_precision_push
0.8581,B2,0.0415,0.9181,0.8951,0.8723,0.9261,0.8434,0.9061,0.7636,word-form,meaning,b2_precision_push
0.8971,B2,0.0115,0.97,0.97,0.8307,0.9446,0.97,0.8563,0.9317,collocation,context,b2_precision_push
0.764,B2,0.0433,0.8181,0.7657,0.6965,0.795,0.7208,0.6847,0.7699,collocation,meaning,b2_precision_push
0.7634,B2,0.0285,0.8233,0.7931,0.7619,0.6884,0.8393,0.7184,0.7456,meaning,context,b2_precision_push
0.8368,B2,0.0077,0.8627,0.8523,0.8184,0.7224,0.8873,0.842,0.7559,meaning,context,b2_precision_push
0.7851,B2,0.0399,0.8015,0.821,0.7562,0.749,0.8173,0.752,0.6936,word-form,context,b2_precision_push
0.7488,B2,0.001,0.7914,0.7599,0.743,0.6697,0.7757,0.7702,0.8005,meaning,word-form,b2_precision_push
0.7514,B2,0.0333,0.8623,0.7827,0.7501,0.7401,0.8333,0.7771,0.6922,word-form,context,b2_precision_push
0.8699,B2,0.0257,0.9432,0.895,0.8695,0.881,0.841,0.9575,0.8964,context,collocation,b2_precision_push
0.9025,B2,0.0064,0.97,0.97,0.8824,0.9333,0.8432,0.9142,0.97,context,word-form,b2_precision_push
0.929,B2,0.0178,0.9619,0.937,0.8926,0.8934,0.8298,0.9057,0.97,context,word-form,b2_precision_push
0.8717,B2,0.0225,0.9276,0.8585,0.8295,0.7944,0.9079,0.8657,0.8714,meaning,context,b2_precision_push
0.8816,B2,0.023,0.9034,0.9111,0.8029,0.9533,0.8394,0.8012,0.8575,collocation,meaning,b2_precision_push
0.7737,B2,0.0008,0.8513,0.8035,0.7224,0.8129,0.8708,0.7871,0.7196,word-form,context,b2_precision_push
0.9093,B2,0.0058,0.9427,0.97,0.8489,0.8226,0.97,0.8883,0.9483,meaning,context,b2_precision_push
0.9132,B2,0.049,0.9256,0.8913,0.8835,0.8976,0.97,0.909,0.8263,word-form,context,b2_precision_push
0.8973,B2,0.0158,0.9585,0.9512,0.8626,0.97,0.8883,0.809,0.9009,collocation,meaning,b2_precision_push
0.7411,B2,0.0294,0.8253,0.7696,0.6965,0.6965,0.7908,0.7473,0.6665,word-form,context,b2_precision_push
0.8488,B2,0.0104,0.913,0.8942,0.8741,0.9396,0.8793,0.846,0.7605,word-form,meaning,b2_precision_push
0.8898,B2,0.0179,0.9275,0.8716,0.8338,0.7705,0.8255,0.8238,0.9553,meaning,word-form,b2_precision_push
0.7568,B2,0.0178,0.8042,0.7846,0.7179,0.853,0.7063,0.7363,0.7363,context,meaning,b2_precision_push
0.7846,B2,0.0391,0.8292,0.8156,0.7249,0.8266,0.7667,0.6863,0.7163,collocation,meaning,b2_precision_push
0.8566,B2,0.005,0.8911,0.8761,0.8125,0.7473,0.8025,0.8549,0.8998,meaning,word-form,b2_precision_push
0.8436,B2,0.0358,0.9168,0.8681,0.7865,0.9412,0.839,0.809,0.8763,collocation,meaning,b2_precision_push
0.8344,B2,0.0472,0.9128,0.8882,0.7746,0.8989,0.7373,0.8317,0.7673,context,meaning,b2_precision_push
0.822,B2,0.0451,0.8347,0.8744,0.7945,0.7096,0.8467,0.767,0.8667,meaning,word-form,b2_precision_push
0.7565,B2,0.035,0.7524,0.7495,0.7043,0.7218,0.827,0.647,0.712,collocation,context,b2_precision_push
0.8231,B2,0.0195,0.9068,0.8873,0.7377,0.8217,0.7205,0.8035,0.8917,context,word-form,b2_precision_push
0.8746,B2,0.0121,0.8998,0.8566,0.8634,0.913,0.7925,0.8231,0.9516,context,word-form,b2_precision_push
0.8872,B2,0.0227,0.9599,0.8773,0.8246,0.8436,0.8436,0.9272,0.8136,word-form,collocation,b2_precision_push
0.9005,B2,0.0389,0.97,0.9171,0.8882,0.8982,0.8682,0.97,0.9239,context,collocation,b2_precision_push
0.8185,B2,0.0389,0.8387,0.8685,0.7711,0.8034,0.7631,0.7931,0.8716,context,word-form,b2_precision_push
0.8723,B2,0.0352,0.9288,0.8971,0.8855,0.8867,0.8884,0.97,0.796,word-form,collocation,b2_precision_push
0.9045,B2,0.002,0.97,0.9235,0.8247,0.8305,0.89,0.9173,0.97,meaning,word-form,b2_precision_push
0.7553,B2,0.041,0.7755,0.8301,0.7596,0.7998,0.8301,0.7021,0.7798,collocation,context,b2_precision_push
0.8424,B2,0.0381,0.9159,0.8553,0.8098,0.7438,0.8548,0.8095,0.9128,meaning,word-form,b2_precision_push
0.8076,B2,0.0335,0.8797,0.901,0.7749,0.8377,0.9021,0.8437,0.7435,word-form,context,b2_precision_push
0.8355,B2,0.0271,0.8931,0.863,0.7371,0.7675,0.7752,0.7223,0.8741,collocation,word-form,b2_precision_push
0.8868,B2,0.0042,0.9121,0.9445,0.8754,0.8718,0.7738,0.9353,0.8747,context,collocation,b2_precision_push
0.8583,B2,0.0271,0.8995,0.8549,0.7558,0.8356,0.8779,0.7759,0.8107,collocation,context,b2_precision_push
0.7667,B2,0.0071,0.8152,0.8384,0.7269,0.8039,0.7335,0.8751,0.7949,context,collocation,b2_precision_push
0.8989,B2,0.0159,0.9695,0.939,0.9135,0.9404,0.9604,0.8228,0.8726,collocation,context,b2_precision_push
0.8152,B2,0.0284,0.8608,0.8969,0.8158,0.7574,0.844,0.9099,0.7874,meaning,collocation,b2_precision_push
0.8365,B2,0.0145,0.8744,0.7993,0.7757,0.9048,0.7438,0.8374,0.813,context,meaning,b2_precision_push
0.8985,B2,0.037,0.97,0.9629,0.8854,0.8516,0.97,0.9242,0.9484,meaning,context,b2_precision_push
0.8562,B2,0.0171,0.9137,0.9184,0.7844,0.9042,0.8058,0.7758,0.8383,collocation,meaning,b2_precision_push
0.7724,B2,0.0451,0.8615,0.8269,0.6925,0.7469,0.8231,0.7564,0.6963,word-form,context,b2_precision_push
0.8721,B2,0.0336,0.8823,0.8476,0.8577,0.8941,0.8749,0.937,0.7673,word-form,collocation,b2_precision_push
0.7728,B2,0.0141,0.9042,0.8251,0.7328,0.7801,0.7801,0.8637,0.7501,word-form,collocation,b2_precision_push
0.9299,B2,0.0105,0.9606,0.9224,0.9147,0.97,0.9156,0.8502,0.9261,collocation,meaning,b2_precision_push
0.7441,B2,0.0033,0.8475,0.8057,0.6858,0.8375,0.7661,0.7586,0.6796,word-form,meaning,b2_precision_push
0.7621,B2,0.0214,0.8534,0.83,0.7802,0.7948,0.6737,0.8067,0.8558,context,word-form,b2_precision_push
